epoch,time,train/box_loss,train/cls_loss,train/dfl_loss,metrics/precision(B),metrics/recall(B),metrics/mAP50(B),metrics/mAP50-95(B),val/box_loss,val/cls_loss,val/dfl_loss,lr/pg0,lr/pg1,lr/pg2
1,11.8804,3.74502,5.03919,2.27595,0.00011,0.00633,0,0,3.717,5.05591,2.50747,8e-05,8e-05,8e-05
2,20.2755,2.95941,4.54442,1.73729,0.00367,0.12014,0.01626,0.00593,2.10512,4.49794,1.43861,0.000169663,0.000169663,0.000169663
3,28.8281,1.90348,3.25426,1.12415,0.00677,0.2722,0.0423,0.01256,1.56677,4.27291,1.19743,0.00025897,0.00025897,0.00025897
4,37.3729,1.62967,2.4606,1.05649,0.01127,0.38666,0.09018,0.03634,1.40056,4.07159,1.0969,0.000347921,0.000347921,0.000347921
5,45.9884,1.53814,2.06926,1.0341,0.01459,0.4752,0.14351,0.07053,1.30051,3.82111,1.02466,0.000436515,0.000436515,0.000436515
6,54.5564,1.44784,1.80075,1.02236,0.01315,0.4896,0.15676,0.08868,1.16962,3.67794,1.0029,0.000524753,0.000524753,0.000524753
7,63.1257,1.35759,1.65183,1.00252,0.01349,0.57914,0.25716,0.11564,1.27597,3.69884,1.02702,0.000612634,0.000612634,0.000612634
8,71.6931,1.27623,1.4397,0.98427,0.01777,0.76654,0.52942,0.30063,1.26347,3.44166,1.0116,0.000700159,0.000700159,0.000700159
9,80.2501,1.23808,1.26893,0.97461,0.89713,0.31396,0.7173,0.36616,1.44577,3.13359,1.02561,0.000787328,0.000787328,0.000787328
10,88.8589,1.26681,1.20551,0.97371,0.88885,0.27475,0.71132,0.25819,2.02752,2.81815,1.16878,0.00087414,0.00087414,0.00087414
11,97.367,1.30403,1.18782,0.98875,0.86139,0.33882,0.66311,0.26537,2.0028,2.62397,1.24548,0.000960596,0.000960596,0.000960596
12,105.911,1.22493,1.11517,0.97262,0.91093,0.70219,0.86618,0.47844,1.55438,2.12548,1.09773,0.00097822,0.00097822,0.00097822
13,114.529,1.20797,1.06431,0.9677,0.831,0.73381,0.84104,0.49464,1.2736,1.7098,1.01296,0.00097624,0.00097624,0.00097624
14,123.072,1.17108,1.00577,0.95193,0.8901,0.74852,0.87595,0.5403,1.20512,1.62507,1.02034,0.00097426,0.00097426,0.00097426
15,131.567,1.21428,0.96505,0.96692,0.85369,0.61718,0.77053,0.26164,2.14482,2.04396,1.45699,0.00097228,0.00097228,0.00097228
16,140.099,1.29484,1.08627,0.98582,0.80937,0.76138,0.806,0.30196,1.98898,1.33014,1.34695,0.0009703,0.0009703,0.0009703
17,148.489,1.1612,0.97214,0.95635,0.85453,0.77107,0.85337,0.3606,1.85335,1.49578,1.23703,0.00096832,0.00096832,0.00096832
18,156.895,1.13769,0.9055,0.94531,0.45327,0.40093,0.32129,0.0611,3.16805,2.0878,1.85848,0.00096634,0.00096634,0.00096634
19,165.352,1.13522,0.89081,0.94657,0.88684,0.84466,0.89855,0.37066,1.86759,1.15036,1.20972,0.00096436,0.00096436,0.00096436
20,173.754,1.12755,0.87731,0.94021,0.9172,0.87297,0.93585,0.4679,1.54974,0.96757,1.12263,0.00096238,0.00096238,0.00096238
21,182.114,1.1051,0.83531,0.94298,0.9235,0.89978,0.95525,0.52292,1.50589,0.99625,1.0599,0.0009604,0.0009604,0.0009604
22,190.554,1.19792,0.86415,0.95651,0.897,0.84947,0.93858,0.50463,1.43189,1.0455,1.08157,0.00095842,0.00095842,0.00095842
23,198.944,1.09848,0.83697,0.93695,0.85455,0.89219,0.93232,0.58811,1.21207,0.92236,1.00687,0.00095644,0.00095644,0.00095644
24,207.485,1.12082,0.82188,0.94133,0.9029,0.8926,0.94561,0.55011,1.40366,0.94047,1.08943,0.00095446,0.00095446,0.00095446
25,215.907,1.141,0.83659,0.95402,0.92805,0.86744,0.94364,0.59916,1.23176,0.88032,1.04543,0.00095248,0.00095248,0.00095248
26,224.403,1.17543,0.81666,0.95017,0.9278,0.92558,0.96629,0.64489,1.0975,0.7683,0.96804,0.0009505,0.0009505,0.0009505
27,232.928,1.064,0.76236,0.93087,0.92664,0.90571,0.95938,0.54567,1.42634,0.83707,1.08731,0.00094852,0.00094852,0.00094852
28,241.324,1.03562,0.73301,0.92138,0.91438,0.87695,0.93753,0.38996,1.90171,0.98074,1.28137,0.00094654,0.00094654,0.00094654
29,249.77,1.07018,0.74847,0.93441,0.91336,0.9031,0.96276,0.69043,0.94406,0.76218,0.93551,0.00094456,0.00094456,0.00094456
30,258.219,1.09126,0.7502,0.93751,0.94517,0.91018,0.96501,0.61776,1.23335,0.81698,1.02731,0.00094258,0.00094258,0.00094258
31,266.671,1.08536,0.73748,0.92924,0.92984,0.92029,0.96811,0.65993,1.02478,0.71665,0.96542,0.0009406,0.0009406,0.0009406
32,275.121,1.02546,0.70223,0.92481,0.9501,0.93234,0.97323,0.70911,0.88615,0.64198,0.93056,0.00093862,0.00093862,0.00093862
33,283.587,0.99329,0.67218,0.91966,0.94519,0.93386,0.97144,0.6593,1.06702,0.68732,0.97193,0.00093664,0.00093664,0.00093664
34,292.038,1.03031,0.69276,0.92131,0.87448,0.84582,0.87686,0.3072,2.19221,1.03825,1.40478,0.00093466,0.00093466,0.00093466
35,300.441,1.08495,0.69921,0.93307,0.93993,0.88881,0.94622,0.58171,1.15342,0.73795,1.00122,0.00093268,0.00093268,0.00093268
36,308.935,1.02716,0.67191,0.92294,0.93929,0.90326,0.96292,0.56407,1.41913,0.87314,1.05454,0.0009307,0.0009307,0.0009307
37,317.361,1.0273,0.683,0.92787,0.94382,0.89828,0.96616,0.53816,1.57984,0.85296,1.15114,0.00092872,0.00092872,0.00092872
38,325.778,1.03257,0.66688,0.92024,0.93673,0.9203,0.96915,0.46398,1.81132,0.83545,1.24665,0.00092674,0.00092674,0.00092674
39,334.201,1.01964,0.66752,0.91658,0.94707,0.92015,0.95986,0.62171,1.11431,0.67151,0.99599,0.00092476,0.00092476,0.00092476
40,342.615,1.15723,0.70749,0.94942,0.96137,0.92356,0.97063,0.53357,1.46674,0.76901,1.09156,0.00092278,0.00092278,0.00092278
41,351.019,1.03145,0.65669,0.92077,0.97833,0.93734,0.98099,0.65399,1.18589,0.65379,1.00928,0.0009208,0.0009208,0.0009208
42,359.481,1.02347,0.65338,0.92086,0.95979,0.93639,0.97914,0.72006,0.92961,0.60851,0.94849,0.00091882,0.00091882,0.00091882
43,368.002,1.01006,0.65584,0.91783,0.97244,0.93295,0.98152,0.71561,0.92805,0.59969,0.93636,0.00091684,0.00091684,0.00091684
44,376.425,1.01164,0.65219,0.92695,0.92835,0.91318,0.95784,0.66614,1.0559,0.71252,0.96957,0.00091486,0.00091486,0.00091486
45,384.843,0.9657,0.62636,0.90801,0.93625,0.92586,0.96561,0.53946,1.42573,0.73873,1.07801,0.00091288,0.00091288,0.00091288
46,393.292,1.02603,0.63616,0.91383,0.92964,0.88856,0.94229,0.43064,1.88502,0.88161,1.27008,0.0009109,0.0009109,0.0009109
47,401.714,0.98785,0.62442,0.9084,0.967,0.9355,0.97727,0.65735,1.15008,0.6232,1.0002,0.00090892,0.00090892,0.00090892
48,410.125,0.98847,0.6182,0.9124,0.95383,0.95188,0.98126,0.70964,0.95134,0.57694,0.94392,0.00090694,0.00090694,0.00090694
49,418.588,0.9732,0.6201,0.91305,0.96763,0.94644,0.98348,0.74979,0.84504,0.5436,0.92036,0.00090496,0.00090496,0.00090496
50,427.064,1.02754,0.63856,0.91826,0.95482,0.913,0.96775,0.57993,1.30238,0.67918,1.05876,0.00090298,0.00090298,0.00090298
51,435.469,0.97841,0.61728,0.91347,0.95479,0.92048,0.96206,0.52752,1.38446,0.68709,1.07622,0.000901,0.000901,0.000901
52,443.858,0.97489,0.60923,0.91851,0.92559,0.91877,0.96258,0.52273,1.43612,0.73821,1.0775,0.00089902,0.00089902,0.00089902
53,452.281,0.94282,0.60325,0.90684,0.96367,0.93499,0.97849,0.72165,0.92919,0.60009,0.94042,0.00089704,0.00089704,0.00089704
54,460.67,1.08972,0.63756,0.93381,0.95111,0.92055,0.96501,0.5363,1.47075,0.71239,1.10676,0.00089506,0.00089506,0.00089506
55,469.044,0.94462,0.594,0.90625,0.95618,0.91509,0.96699,0.58333,1.36139,0.66916,1.0589,0.00089308,0.00089308,0.00089308
56,477.459,1.00603,0.60783,0.9105,0.97124,0.94929,0.98138,0.73875,0.8277,0.51958,0.90557,0.0008911,0.0008911,0.0008911
57,485.92,0.99084,0.59303,0.90817,0.96708,0.9332,0.98055,0.65914,1.15269,0.60436,0.98665,0.00088912,0.00088912,0.00088912
58,494.337,1.01955,0.60257,0.91897,0.95999,0.93415,0.97448,0.57388,1.49868,0.70618,1.10199,0.00088714,0.00088714,0.00088714
59,502.747,1.02035,0.60665,0.92094,0.91724,0.9063,0.94811,0.44033,1.76989,0.79183,1.2233,0.00088516,0.00088516,0.00088516
60,511.218,0.9873,0.59377,0.90875,0.93063,0.92844,0.96665,0.52994,1.59515,0.71015,1.1639,0.00088318,0.00088318,0.00088318
61,519.64,0.97055,0.58952,0.90968,0.95864,0.93609,0.97371,0.55911,1.47787,0.67602,1.0987,0.0008812,0.0008812,0.0008812
62,528.09,0.95204,0.57483,0.90573,0.97555,0.95442,0.98531,0.76991,0.82245,0.5121,0.92364,0.00087922,0.00087922,0.00087922
63,536.681,0.97483,0.58559,0.9071,0.97101,0.9425,0.98203,0.68801,1.02827,0.56712,0.96884,0.00087724,0.00087724,0.00087724
64,545.02,0.93402,0.5597,0.90419,0.94876,0.92187,0.96131,0.42913,1.97437,0.77657,1.29935,0.00087526,0.00087526,0.00087526
65,553.462,0.94595,0.55885,0.90712,0.94754,0.94521,0.98076,0.70222,1.0554,0.55911,0.95836,0.00087328,0.00087328,0.00087328
66,561.884,0.94787,0.56346,0.89943,0.9686,0.92563,0.97725,0.65645,1.01133,0.53045,0.96669,0.0008713,0.0008713,0.0008713
67,570.287,0.92848,0.55839,0.90301,0.96734,0.94209,0.97601,0.54299,1.43689,0.63826,1.08433,0.00086932,0.00086932,0.00086932
68,578.713,0.94848,0.56538,0.90577,0.97062,0.95274,0.9843,0.73122,0.89739,0.50542,0.9227,0.00086734,0.00086734,0.00086734
69,587.126,0.95956,0.57463,0.90704,0.9544,0.94242,0.97641,0.67647,1.04602,0.56707,0.97382,0.00086536,0.00086536,0.00086536
70,595.513,0.975,0.57738,0.91335,0.95134,0.93025,0.97516,0.63115,1.20026,0.60124,1.02522,0.00086338,0.00086338,0.00086338
71,603.911,0.944,0.5578,0.90924,0.9648,0.96312,0.98656,0.67227,1.11119,0.52364,0.97847,0.0008614,0.0008614,0.0008614
72,612.336,0.93686,0.55067,0.90198,0.94239,0.94828,0.97908,0.66429,1.08079,0.5919,0.9762,0.00085942,0.00085942,0.00085942
73,620.753,0.99037,0.57102,0.91219,0.96634,0.94925,0.98204,0.67807,1.02681,0.54148,0.96641,0.00085744,0.00085744,0.00085744
74,629.18,0.92218,0.55045,0.89479,0.95072,0.93476,0.97983,0.71838,0.9487,0.56767,0.94105,0.00085546,0.00085546,0.00085546
75,637.65,0.9712,0.5695,0.91191,0.95697,0.94636,0.9771,0.66797,1.12097,0.56172,0.98246,0.00085348,0.00085348,0.00085348
76,646.098,0.90416,0.53679,0.90079,0.97147,0.94455,0.97983,0.68281,0.99798,0.50157,0.95213,0.0008515,0.0008515,0.0008515
77,654.517,0.90916,0.54088,0.89967,0.96961,0.93631,0.97816,0.70815,0.99098,0.53574,0.94404,0.00084952,0.00084952,0.00084952
78,662.928,0.94273,0.55325,0.90286,0.94482,0.92735,0.97224,0.5232,1.59536,0.67671,1.16309,0.00084754,0.00084754,0.00084754
79,671.363,0.93521,0.54698,0.89953,0.95224,0.93524,0.9746,0.73645,0.85391,0.51044,0.92125,0.00084556,0.00084556,0.00084556
80,679.734,0.94485,0.54356,0.90091,0.95157,0.93513,0.97015,0.61459,1.22756,0.60426,1.02264,0.00084358,0.00084358,0.00084358
81,688.138,0.96501,0.56522,0.90767,0.96132,0.93899,0.9755,0.67071,1.07885,0.56032,0.984,0.0008416,0.0008416,0.0008416
82,696.602,0.92158,0.54795,0.90251,0.952,0.94759,0.98223,0.67933,1.09053,0.54304,0.96578,0.00083962,0.00083962,0.00083962
83,704.982,0.90182,0.52804,0.89831,0.97915,0.96803,0.98803,0.75436,0.83282,0.45878,0.91638,0.00083764,0.00083764,0.00083764
84,713.402,0.93175,0.54239,0.899,0.97549,0.96244,0.98647,0.74538,0.85923,0.45971,0.92562,0.00083566,0.00083566,0.00083566
85,721.886,0.94484,0.54331,0.90878,0.98109,0.9524,0.98486,0.71985,0.93339,0.46437,0.93611,0.00083368,0.00083368,0.00083368
86,730.257,0.90608,0.53188,0.89544,0.97571,0.95618,0.9833,0.70298,0.9993,0.51512,0.96226,0.0008317,0.0008317,0.0008317
87,738.666,0.89782,0.52507,0.89621,0.97484,0.96243,0.98831,0.76162,0.79895,0.44631,0.91476,0.00082972,0.00082972,0.00082972
88,747.083,0.89345,0.51036,0.89245,0.973,0.95166,0.97993,0.64651,1.16415,0.53622,1.01519,0.00082774,0.00082774,0.00082774
89,755.466,0.92237,0.53632,0.89882,0.96226,0.9636,0.98338,0.67551,1.02069,0.49711,0.96709,0.00082576,0.00082576,0.00082576
90,763.857,0.98517,0.54779,0.91178,0.92934,0.87851,0.91517,0.33442,2.18717,0.79302,1.42201,0.00082378,0.00082378,0.00082378
91,772.324,1.01073,0.55905,0.91328,0.94741,0.94854,0.98263,0.68198,1.02043,0.5331,0.97121,0.0008218,0.0008218,0.0008218
92,780.723,0.89809,0.51195,0.89328,0.97213,0.96292,0.98757,0.68462,1.08916,0.49059,0.95943,0.00081982,0.00081982,0.00081982
93,789.175,0.88785,0.50859,0.8918,0.96933,0.95303,0.98104,0.76318,0.75395,0.4689,0.89865,0.00081784,0.00081784,0.00081784
94,797.637,0.8872,0.51558,0.88697,0.98325,0.95438,0.98719,0.71618,0.92945,0.47193,0.94271,0.00081586,0.00081586,0.00081586
95,806.041,0.93986,0.52949,0.90378,0.95945,0.93039,0.96258,0.39971,2.12461,0.7965,1.36855,0.00081388,0.00081388,0.00081388
96,814.426,0.98905,0.56146,0.90945,0.96832,0.95508,0.98276,0.73024,0.88179,0.48195,0.92303,0.0008119,0.0008119,0.0008119
97,822.807,0.93674,0.53471,0.8992,0.95391,0.94653,0.9765,0.67111,1.12545,0.56967,0.9823,0.00080992,0.00080992,0.00080992
98,831.195,0.90357,0.51713,0.89529,0.96995,0.95666,0.98459,0.70662,0.97321,0.48318,0.94957,0.00080794,0.00080794,0.00080794
99,839.627,0.92925,0.5235,0.9018,0.9727,0.95477,0.98425,0.71741,0.90938,0.48377,0.93725,0.00080596,0.00080596,0.00080596
100,847.988,0.88303,0.50603,0.89425,0.94716,0.95796,0.98215,0.62952,1.28492,0.59142,1.02778,0.00080398,0.00080398,0.00080398
101,856.34,0.91322,0.51034,0.89959,0.96687,0.9603,0.98565,0.76444,0.80911,0.46172,0.90817,0.000802,0.000802,0.000802
102,864.754,1.00536,0.55362,0.91088,0.97531,0.95189,0.9813,0.59907,1.29865,0.53107,1.01781,0.00080002,0.00080002,0.00080002
103,873.169,1.00207,0.55882,0.91217,0.98047,0.93806,0.98103,0.72145,0.94684,0.5057,0.93725,0.00079804,0.00079804,0.00079804
104,881.548,0.90959,0.51715,0.89726,0.97517,0.96229,0.98691,0.75337,0.90445,0.44936,0.94476,0.00079606,0.00079606,0.00079606
105,889.921,0.87284,0.50717,0.89052,0.98238,0.96367,0.98651,0.77999,0.77841,0.41781,0.90988,0.00079408,0.00079408,0.00079408
106,898.445,0.88881,0.50025,0.89119,0.97872,0.97011,0.98942,0.76336,0.80483,0.42975,0.91154,0.0007921,0.0007921,0.0007921
107,906.851,0.91782,0.5069,0.89433,0.9821,0.95526,0.98723,0.76134,0.7928,0.43505,0.90465,0.00079012,0.00079012,0.00079012
108,915.273,0.86968,0.48846,0.8844,0.97662,0.93803,0.97962,0.62666,1.2745,0.55119,1.02918,0.00078814,0.00078814,0.00078814
109,923.745,0.86539,0.49474,0.88932,0.98238,0.95477,0.98758,0.76468,0.7597,0.42973,0.90079,0.00078616,0.00078616,0.00078616
110,932.162,0.85528,0.4905,0.8865,0.96922,0.93275,0.96901,0.46924,1.78401,0.68521,1.20144,0.00078418,0.00078418,0.00078418
111,940.567,0.90632,0.5068,0.89291,0.97911,0.95901,0.98657,0.73828,0.90521,0.45155,0.93322,0.0007822,0.0007822,0.0007822
112,948.958,0.90824,0.50377,0.89126,0.97828,0.95852,0.98296,0.65977,1.19663,0.52383,1.00765,0.00078022,0.00078022,0.00078022
113,957.399,0.86196,0.49421,0.88753,0.97773,0.95977,0.98682,0.71758,0.94641,0.4534,0.93568,0.00077824,0.00077824,0.00077824
114,965.841,0.85452,0.48392,0.88108,0.96805,0.96268,0.98653,0.75933,0.84713,0.41785,0.92374,0.00077626,0.00077626,0.00077626
115,974.293,0.87008,0.4878,0.88625,0.96682,0.93639,0.97824,0.63879,1.22833,0.54421,1.02251,0.00077428,0.00077428,0.00077428
116,982.685,0.92167,0.50847,0.8977,0.97749,0.93891,0.97801,0.73923,0.87536,0.47855,0.92913,0.0007723,0.0007723,0.0007723
117,991.063,0.88272,0.49598,0.89406,0.97535,0.95278,0.98282,0.73664,0.8725,0.43481,0.92864,0.00077032,0.00077032,0.00077032
118,999.495,0.86994,0.48342,0.88787,0.98061,0.95267,0.98355,0.72111,0.9477,0.45894,0.95093,0.00076834,0.00076834,0.00076834
119,1007.97,0.89838,0.49022,0.89478,0.97951,0.95459,0.98645,0.74934,0.86915,0.4298,0.92535,0.00076636,0.00076636,0.00076636
120,1016.39,0.89359,0.48959,0.89599,0.97661,0.958,0.98715,0.72477,0.91651,0.44191,0.93709,0.00076438,0.00076438,0.00076438
121,1024.83,0.85828,0.48457,0.88466,0.97304,0.95466,0.9867,0.76997,0.81011,0.42669,0.91125,0.0007624,0.0007624,0.0007624
122,1033.22,0.87309,0.48506,0.88632,0.97409,0.96486,0.98603,0.75164,0.887,0.42689,0.93087,0.00076042,0.00076042,0.00076042
123,1041.63,0.90478,0.50307,0.89166,0.97022,0.95441,0.98743,0.66643,1.18093,0.48513,0.99395,0.00075844,0.00075844,0.00075844
124,1050.02,0.86672,0.48767,0.88741,0.96398,0.96119,0.9863,0.75745,0.81271,0.42557,0.9162,0.00075646,0.00075646,0.00075646
125,1058.61,0.8802,0.48806,0.88485,0.96411,0.95418,0.98171,0.56846,1.41131,0.55889,1.08011,0.00075448,0.00075448,0.00075448
126,1067.02,0.86023,0.48605,0.88894,0.9592,0.94941,0.98531,0.75115,0.83165,0.45426,0.92311,0.0007525,0.0007525,0.0007525
127,1075.43,0.84223,0.47758,0.88356,0.97177,0.95001,0.97906,0.59667,1.33605,0.54961,1.05807,0.00075052,0.00075052,0.00075052
128,1083.84,0.85124,0.47821,0.88227,0.97048,0.96556,0.98831,0.67576,1.11147,0.51456,0.99013,0.00074854,0.00074854,0.00074854
129,1092.27,0.85795,0.47618,0.88468,0.97733,0.96152,0.98789,0.75662,0.85731,0.45098,0.92326,0.00074656,0.00074656,0.00074656
130,1100.75,0.87865,0.49742,0.89061,0.97894,0.94805,0.98442,0.76276,0.82936,0.43606,0.9157,0.00074458,0.00074458,0.00074458
131,1109.12,0.94391,0.5036,0.89882,0.97851,0.95224,0.98498,0.71333,0.90169,0.45612,0.9386,0.0007426,0.0007426,0.0007426
132,1117.52,0.86661,0.49658,0.88453,0.98103,0.95428,0.98323,0.71757,0.9549,0.44619,0.95292,0.00074062,0.00074062,0.00074062
133,1125.98,0.8518,0.48754,0.88534,0.98306,0.95186,0.98817,0.73121,0.9375,0.45575,0.94505,0.00073864,0.00073864,0.00073864
134,1134.37,0.84588,0.47717,0.87834,0.98038,0.9516,0.98275,0.73862,0.84353,0.44317,0.92109,0.00073666,0.00073666,0.00073666
135,1142.78,0.84261,0.47785,0.88214,0.97577,0.94451,0.98447,0.69293,1.02742,0.47738,0.97112,0.00073468,0.00073468,0.00073468
136,1151.24,0.86957,0.48159,0.88675,0.98511,0.9533,0.98545,0.77071,0.77886,0.40483,0.90368,0.0007327,0.0007327,0.0007327
137,1159.64,0.85198,0.47044,0.88464,0.98581,0.95765,0.98767,0.78215,0.73617,0.40641,0.89006,0.00073072,0.00073072,0.00073072
138,1168.13,0.80514,0.44983,0.87263,0.98193,0.95282,0.98335,0.77237,0.78507,0.44256,0.89716,0.00072874,0.00072874,0.00072874
139,1176.59,0.82145,0.46619,0.88151,0.96922,0.96143,0.98309,0.70761,0.95561,0.44965,0.94841,0.00072676,0.00072676,0.00072676
140,1184.99,0.88667,0.48617,0.88721,0.96781,0.9475,0.98183,0.77446,0.78405,0.47363,0.90824,0.00072478,0.00072478,0.00072478
141,1193.37,0.92704,0.50498,0.90153,0.97101,0.95624,0.98711,0.7647,0.83001,0.45415,0.91369,0.0007228,0.0007228,0.0007228
142,1201.78,0.8328,0.46892,0.88037,0.97961,0.95328,0.98328,0.77267,0.78842,0.42404,0.90691,0.00072082,0.00072082,0.00072082
143,1210.21,0.82576,0.46703,0.88292,0.96879,0.95742,0.9835,0.77798,0.75804,0.41665,0.89937,0.00071884,0.00071884,0.00071884
144,1218.65,0.82584,0.46147,0.88143,0.96718,0.96109,0.98659,0.78372,0.77527,0.41361,0.90399,0.00071686,0.00071686,0.00071686
145,1227.11,0.82977,0.46556,0.87822,0.97322,0.95118,0.98222,0.70949,0.93597,0.4546,0.94343,0.00071488,0.00071488,0.00071488
146,1235.56,0.8458,0.472,0.88646,0.98004,0.95924,0.98663,0.74043,0.87641,0.43151,0.92907,0.0007129,0.0007129,0.0007129
147,1243.98,0.82692,0.45809,0.88343,0.97235,0.95602,0.986,0.74181,0.87833,0.4341,0.91787,0.00071092,0.00071092,0.00071092
148,1252.4,0.82089,0.46243,0.87738,0.97662,0.9608,0.98558,0.7616,0.84912,0.40285,0.91602,0.00070894,0.00070894,0.00070894
149,1260.8,0.84864,0.46815,0.88649,0.9669,0.96437,0.98551,0.72982,0.89482,0.44749,0.93568,0.00070696,0.00070696,0.00070696
150,1269.21,0.85192,0.47172,0.88177,0.97439,0.93514,0.97585,0.60233,1.29095,0.55413,1.03508,0.00070498,0.00070498,0.00070498
151,1277.62,0.87784,0.47151,0.89031,0.98523,0.95595,0.98666,0.74585,0.90877,0.43623,0.93577,0.000703,0.000703,0.000703
152,1286.02,0.8295,0.45983,0.88187,0.98495,0.96075,0.98829,0.75137,0.87547,0.42917,0.93054,0.00070102,0.00070102,0.00070102
153,1294.42,0.84184,0.46428,0.87813,0.96724,0.94839,0.97825,0.57603,1.43169,0.54366,1.08214,0.00069904,0.00069904,0.00069904
154,1302.83,0.856,0.47012,0.88538,0.97642,0.94432,0.97746,0.63595,1.12129,0.46163,0.9915,0.00069706,0.00069706,0.00069706
155,1311.22,0.8539,0.45887,0.88342,0.97256,0.96701,0.98517,0.75689,0.80052,0.39091,0.90426,0.00069508,0.00069508,0.00069508
156,1319.65,0.8166,0.45171,0.87998,0.98071,0.95915,0.9866,0.73515,0.9168,0.41034,0.92012,0.0006931,0.0006931,0.0006931
157,1328.06,0.82121,0.44881,0.87251,0.98056,0.9574,0.98656,0.77102,0.76735,0.39625,0.89511,0.00069112,0.00069112,0.00069112
158,1336.44,0.79755,0.44761,0.87222,0.97806,0.9563,0.986,0.77095,0.77176,0.39243,0.89787,0.00068914,0.00068914,0.00068914
159,1344.84,0.82003,0.45714,0.87019,0.9818,0.96258,0.98864,0.73185,0.89652,0.42085,0.92653,0.00068716,0.00068716,0.00068716
160,1353.24,0.87492,0.4649,0.8848,0.98343,0.95026,0.98662,0.77578,0.79391,0.3883,0.90416,0.00068518,0.00068518,0.00068518
161,1361.65,0.85168,0.45798,0.88352,0.97427,0.96799,0.98852,0.76809,0.79834,0.4003,0.9042,0.0006832,0.0006832,0.0006832
162,1370.01,0.80981,0.44555,0.87952,0.9724,0.95902,0.98471,0.68797,1.04626,0.46424,0.96619,0.00068122,0.00068122,0.00068122
163,1378.46,0.79123,0.44421,0.87725,0.98354,0.96381,0.98756,0.77959,0.75005,0.38199,0.89613,0.00067924,0.00067924,0.00067924
164,1386.84,0.84565,0.46856,0.88214,0.98102,0.96211,0.98415,0.69749,1.03619,0.44812,0.95384,0.00067726,0.00067726,0.00067726
165,1395.22,0.83459,0.4637,0.8846,0.96851,0.96296,0.98493,0.69968,1.0381,0.46747,0.96425,0.00067528,0.00067528,0.00067528
166,1403.67,0.83421,0.45965,0.88024,0.97365,0.95819,0.98563,0.6513,1.15064,0.47981,0.99613,0.0006733,0.0006733,0.0006733
167,1412.09,0.80504,0.44635,0.87721,0.97248,0.96812,0.98742,0.7563,0.8616,0.40748,0.932,0.00067132,0.00067132,0.00067132
168,1420.52,0.81185,0.44194,0.87466,0.98225,0.96672,0.98961,0.77842,0.78044,0.37925,0.91189,0.00066934,0.00066934,0.00066934
169,1428.92,0.79971,0.43928,0.87167,0.97839,0.96361,0.98746,0.77268,0.81289,0.39944,0.91918,0.00066736,0.00066736,0.00066736
170,1437.29,0.82907,0.45667,0.88381,0.98656,0.95576,0.98873,0.75902,0.83278,0.39558,0.92403,0.00066538,0.00066538,0.00066538
171,1445.7,0.83178,0.4504,0.87554,0.98399,0.95896,0.98512,0.76799,0.78188,0.38712,0.91267,0.0006634,0.0006634,0.0006634
172,1454.12,0.83939,0.45191,0.88296,0.98485,0.96198,0.98472,0.7772,0.79865,0.39112,0.9188,0.00066142,0.00066142,0.00066142
173,1462.54,0.82515,0.44634,0.87665,0.97789,0.96313,0.98395,0.69968,1.05075,0.44447,0.96988,0.00065944,0.00065944,0.00065944
174,1470.94,0.81409,0.45406,0.87325,0.97464,0.96906,0.9849,0.77175,0.78103,0.38055,0.90482,0.00065746,0.00065746,0.00065746
175,1479.38,0.83379,0.4552,0.88166,0.97372,0.95844,0.9842,0.7645,0.79733,0.3965,0.91406,0.00065548,0.00065548,0.00065548
176,1487.75,0.85895,0.46431,0.88767,0.97729,0.96133,0.98659,0.76429,0.78705,0.3967,0.89983,0.0006535,0.0006535,0.0006535
177,1496.19,0.8621,0.45439,0.88979,0.96914,0.96702,0.98457,0.77754,0.79754,0.39546,0.91047,0.00065152,0.00065152,0.00065152
178,1504.57,0.94969,0.4796,0.90287,0.98628,0.95494,0.98719,0.77304,0.76877,0.39478,0.90219,0.00064954,0.00064954,0.00064954
179,1512.98,0.86148,0.46206,0.8819,0.98503,0.9591,0.98617,0.77844,0.74302,0.37799,0.89426,0.00064756,0.00064756,0.00064756
180,1521.34,0.81792,0.44144,0.87603,0.97651,0.95709,0.98242,0.73001,0.91223,0.43015,0.94077,0.00064558,0.00064558,0.00064558
181,1529.75,0.82235,0.44987,0.87643,0.97795,0.95696,0.98144,0.74526,0.8767,0.42637,0.92506,0.0006436,0.0006436,0.0006436
182,1538.17,0.88177,0.46504,0.88196,0.97623,0.95462,0.98245,0.70515,1.01451,0.46271,0.9664,0.00064162,0.00064162,0.00064162
183,1546.63,0.87826,0.46128,0.88188,0.9811,0.96062,0.98511,0.70307,1.00068,0.44414,0.96545,0.00063964,0.00063964,0.00063964
184,1555.05,0.84911,0.46327,0.88044,0.98175,0.96749,0.98722,0.77119,0.78406,0.3904,0.90595,0.00063766,0.00063766,0.00063766
185,1563.44,0.80112,0.44637,0.8761,0.97584,0.96728,0.98713,0.75996,0.82059,0.39074,0.91937,0.00063568,0.00063568,0.00063568
186,1571.83,0.78861,0.44327,0.87302,0.97559,0.95188,0.98145,0.68001,1.09078,0.46909,0.97917,0.0006337,0.0006337,0.0006337
187,1580.26,0.80831,0.4425,0.87796,0.97466,0.96517,0.98773,0.70059,1.05689,0.4524,0.966,0.00063172,0.00063172,0.00063172
188,1588.69,0.7919,0.43862,0.87361,0.97573,0.96498,0.9886,0.71972,0.98557,0.44281,0.94924,0.00062974,0.00062974,0.00062974
189,1597.08,0.78723,0.43549,0.86888,0.97624,0.97045,0.9871,0.76939,0.78486,0.37968,0.90807,0.00062776,0.00062776,0.00062776
190,1605.45,0.84283,0.44625,0.87993,0.98306,0.95311,0.98546,0.75443,0.85625,0.41547,0.93226,0.00062578,0.00062578,0.00062578
191,1613.85,0.81654,0.4439,0.88226,0.97392,0.96639,0.98741,0.75706,0.86,0.41523,0.92236,0.0006238,0.0006238,0.0006238
192,1622.27,0.79778,0.43345,0.87058,0.97764,0.95346,0.98018,0.6602,1.12373,0.47175,0.99306,0.00062182,0.00062182,0.00062182
193,1630.66,0.79223,0.43265,0.86938,0.97556,0.96464,0.9875,0.70116,1.02331,0.442,0.96315,0.00061984,0.00061984,0.00061984
194,1639.03,0.79945,0.43501,0.86866,0.98374,0.96187,0.98653,0.77043,0.80011,0.38128,0.90922,0.00061786,0.00061786,0.00061786
